Loan_ID,Gender,Married,Dependents,Education,Self_Employed,ApplicantIncome,CoapplicantIncome,LoanAmount,Loan_Amount_Term,Credit_History,Property_Area,Loan_Status
LP001002,0,0,0,1,0,0.070488559,0,0.198859858,0.743589744,1,1,1
LP001003,0,1,0.333333333,1,0,0.054829932,0.03619171,0.172214182,0.743589744,1,0,0
LP001005,0,1,0,1,1,0.035250464,0,0.082489146,0.743589744,1,1,1
LP001006,0,1,0,0,0,0.030092764,0.056591547,0.160636758,0.743589744,1,1,1
LP001008,0,0,0,1,0,0.072356215,0,0.191027496,0.743589744,1,1,1
LP001011,0,1,0.666666667,1,1,0.065145331,0.100703194,0.373371925,0.743589744,1,1,1
LP001013,0,1,0,0,0,0.027000618,0.036383709,0.124457308,0.743589744,1,1,1
LP001014,0,1,1,1,0,0.035695733,0.060095519,0.215629522,0.743589744,0,0.5,0
LP001018,0,1,0.666666667,1,0,0.047693259,0.036623707,0.230101302,0.743589744,1,1,1
LP001020,0,1,0.333333333,1,0,0.156969697,0.263229894,0.492040521,0.743589744,1,0.5,0
LP001024,0,1,0.666666667,1,0,0.037724181,0.016799866,0.088277858,0.743589744,1,1,1
LP001027,0,1,0.666666667,1,0,0.029066172,0.044159647,0.1447178,0.743589744,1,1,1
LP001028,0,1,0.666666667,1,0,0.03615337,0.194542444,0.276410999,0.743589744,1,1,1
LP001029,0,0,0,1,0,0.021063698,0.068159455,0.15195369,0.743589744,1,0,0
LP001030,0,1,0.666666667,1,0,0.014211503,0.026063791,0.011577424,0.230769231,1,1,1
LP001032,0,0,0,1,0,0.059369202,0,0.167872648,0.743589744,1,1,1
LP001034,0,0,0.333333333,0,0,0.04262214,0,0.131693198,0.487179487,1,1,1
LP001036,1,0,0,1,0,0.041558442,0,0.096960926,0.743589744,0,1,0
LP001038,0,1,0,0,0,0.058589981,0,0.179450072,0.743589744,1,0,0
LP001041,0,1,0,1,0,0.03030303,0.083999328,0.153400868,0.743589744,1,1,1
LP001043,0,1,0,0,0,0.092888064,0,0.13748191,0.743589744,0,1,0
LP001046,0,1,0.333333333,1,0,0.071799629,0.13499892,0.442836469,0.743589744,1,1,1
LP001047,0,1,0,0,0,0.03030303,0.045863633,0.154848046,0.743589744,0,0.5,0
LP001050,0,1,0.666666667,0,0,0.039764997,0.046007632,0.149059334,0.743589744,0,0,0
LP001052,0,1,0.333333333,1,0,0.044118738,0.070199438,0.205499276,0.743589744,1,0.5,0
LP001066,0,1,0,1,1,0.116388374,0,0.263386397,0.743589744,1,0.5,1
LP001068,0,1,0,1,0,0.032764378,0.054071567,0.163531114,0.743589744,1,0.5,1
LP001073,0,1,0.666666667,0,0,0.050414348,0.0249598,0.146164978,0.743589744,1,1,1
LP001086,0,0,0,0,0,0.01598021,0,0.037626628,0.743589744,1,1,0
LP001087,1,0,0.666666667,1,0,0.044526902,0.0499916,0.160636758,0.743589744,1,0.5,1
LP001091,0,1,0.333333333,1,0,0.049672233,0.080855353,0.277858177,0.743589744,1,1,0
LP001095,0,0,0,1,0,0.037316017,0,0.09406657,0.743589744,1,1,0
LP001097,0,0,0.333333333,1,1,0.056178108,0,0.140376266,0.743589744,1,0,0
LP001098,0,1,0,1,0,0.041434756,0.04000768,0.15195369,0.743589744,1,0.5,1
LP001100,0,0,1,1,0,0.15275201,0.071999424,0.450072359,0.743589744,1,0,0
LP001106,0,1,0,1,0,0.026283241,0.049607603,0.198859858,0.743589744,1,1,1
LP001109,0,1,0,1,0,0.020754484,0.031919745,0.131693198,0.743589744,0,1,0
LP001112,1,1,0,1,0,0.043500309,0.03501572,0.19536903,0.743589744,1,0.5,1
LP001114,0,0,0,1,0,0.049672233,0.173038616,0.253256151,0.743589744,1,1,1
LP001116,0,0,0,0,0,0.044502165,0.04003168,0.146164978,0.743589744,1,0.5,1
LP001119,0,0,0,1,0,0.042671614,0,0.102749638,0.743589744,1,1,0
LP001120,0,0,0,1,0,0.020408163,0.029111767,0.054992764,0.743589744,1,1,1
LP001123,0,1,0,1,0,0.027829314,0,0.095513748,0.743589744,1,1,1
LP001131,0,1,0,1,0,0.046889301,0.056063551,0.18089725,0.743589744,1,0.5,1
LP001136,0,1,0,0,1,0.056215213,0,0.125904486,0.743589744,1,1,1
LP001137,1,0,0,1,0,0.040321583,0,0.114327062,0.743589744,1,1,1
LP001138,0,1,0.333333333,1,0,0.068014842,0,0.05065123,0.743589744,1,1,1
LP001144,0,1,0,1,0,0.070142239,0,0.19536903,0.743589744,1,1,1
LP001146,1,1,0,1,0,0.030859617,0.08255934,0.160636758,0.743589744,0,1,0
LP001151,1,0,0,1,0,0.047619048,0.054599563,0.19536903,0.743589744,1,0.5,1
LP001155,1,1,0,0,0,0.021991342,0.039455684,0.131693198,0.743589744,1,0.5,1
LP001157,1,0,0,1,0,0.036314162,0,0.160636758,0.743589744,1,0.5,1
LP001164,1,0,0,1,0,0.050463822,0,0.149059334,0.743589744,1,0.5,0
LP001179,0,1,0.666666667,1,0,0.055238095,0,0.18089725,0.743589744,1,1,0
LP001186,1,1,0.333333333,1,1,0.140383426,0,0.400868307,0.743589744,0,1,0
LP001194,0,1,0.666666667,1,0,0.031638837,0.028007776,0.127351664,0.743589744,1,0.5,1
LP001195,0,1,0,1,0,0.024514533,0.038183695,0.125904486,0.743589744,1,0.5,1
LP001197,0,1,0,1,0,0.039777365,0.052799578,0.182344428,0.743589744,1,0,0
LP001198,0,1,0.333333333,1,0,0.09808287,0.053999568,0.247467438,0.743589744,1,1,1
LP001199,0,1,0.666666667,0,0,0.039666048,0.068615451,0.19536903,0.743589744,1,1,1
LP001205,0,1,0,1,0,0.029066172,0.091103271,0.160636758,0.743589744,1,1,1
LP001206,0,1,1,1,0,0.035609153,0,0.13024602,0.743589744,1,1,1
LP001207,0,1,0,0,1,0.030414348,0.082775338,0.225759768,0.358974359,0,0,0
LP001213,0,1,0.333333333,1,0,0.059307359,0,0.198859858,0.743589744,0,0,0
LP001222,1,0,0,1,0,0.049672233,0,0.154848046,0.743589744,0,0.5,0
LP001225,0,1,0,1,0,0.068967223,0.110279118,0.360347323,0.743589744,1,0.5,0
LP001228,0,0,0,0,0,0.037724181,0.054095567,0.169319826,0.358974359,0,1,0
LP001233,0,1,0.333333333,1,0,0.131106988,0,0.438494935,0.743589744,1,1,1
LP001238,0,1,1,0,1,0.085961657,0,0.167872648,0.102564103,1,1,1
LP001241,1,0,0,1,0,0.051329623,0,0.183791606,0.743589744,0,0.5,0
LP001243,0,1,0,1,0,0.037823129,0.073583411,0.235890014,0.743589744,1,1,1
LP001245,0,1,0.666666667,0,1,0.021335807,0.04499964,0.127351664,0.743589744,1,0.5,1
LP001248,0,0,0,1,0,0.041434756,0,0.104196816,0.615384615,1,0.5,1
LP001250,0,1,1,0,0,0.056957328,0,0.124457308,0.743589744,0,0.5,0
LP001253,0,1,1,1,1,0.063277675,0.042575659,0.257597685,0.743589744,1,0.5,1
LP001255,0,0,0,1,0,0.044526902,0,0.150506512,1,1,1,0
LP001256,0,0,0,1,0,0.044526902,0.113999088,0.241678726,0.743589744,1,1,0
LP001259,0,1,0.333333333,1,1,0.010513296,0.07252742,0.146164978,0.743589744,1,1,0
LP001263,0,1,1,1,0,0.037316017,0.095999232,0.247467438,0.615384615,0,0.5,0
LP001264,0,1,1,0,1,0.039369202,0.051983584,0.175108538,0.743589744,1,0.5,1
LP001265,1,0,0,1,0,0.045714286,0,0.147612156,0.743589744,1,0.5,1
LP001266,0,1,0.333333333,1,1,0.027767471,0,0.198859858,0.743589744,1,0.5,1
LP001267,1,1,0.666666667,1,0,0.015188621,0.045143639,0.228654124,0.743589744,1,1,0
LP001273,0,1,0,1,0,0.072356215,0.053999568,0.370477569,0.743589744,1,0.5,0
LP001275,0,1,0.333333333,1,0,0.047470625,0,0.059334298,0.487179487,1,1,1
LP001279,0,0,0,1,0,0.027408782,0.060743514,0.183791606,0.743589744,1,0.5,1
LP001280,0,1,0.666666667,0,0,0.039369202,0.047999616,0.13024602,0.743589744,1,0.5,1
LP001282,0,1,0,1,0,0.029066172,0.050831593,0.13748191,0.743589744,1,0.5,1
LP001289,0,0,0,1,0,0.104094001,0,0.290882779,0.743589744,1,1,1
LP001310,0,1,0,1,0,0.068583797,0.1000072,0.240231548,0.743589744,1,0.5,1
LP001316,0,1,0,1,0,0.034730983,0.069599443,0.176555716,0.743589744,1,0.5,1
LP001318,0,1,0.666666667,1,0,0.075448361,0.135694914,0.259044863,0.358974359,1,0.5,1
LP001319,0,1,0.666666667,0,0,0.038627087,0.043679651,0.104196816,0.743589744,1,1,1
LP001322,0,0,0,1,0,0.049264069,0,0.163531114,0.743589744,1,0.5,1
LP001325,0,0,0,0,0,0.042918986,0,0.023154848,0.230769231,1,0.5,1
LP001326,0,0,0,1,0,0.082028448,0,0.198859858,0.743589744,1,1,0
LP001327,1,1,0,1,0,0.028868275,0.055247558,0.185238784,0.743589744,1,0.5,1
LP001333,0,1,0,1,0,0.022597403,0.023927809,0.059334298,0.743589744,1,0.5,1
LP001334,0,1,0,0,0,0.049944341,0,0.153400868,0.358974359,1,0.5,1
LP001343,0,1,0,1,0,0.019901051,0.08498332,0.176555716,0.743589744,1,0.5,1
LP001345,0,1,0.666666667,0,0,0.0511812,0.078311374,0.179450072,0.358974359,1,1,1
LP001349,0,0,0,1,0,0.058045764,0.091343269,0.205499276,0.743589744,1,0.5,1
LP001350,0,1,0,1,0,0.166975881,0,0.198859858,0.743589744,1,1,1
LP001356,0,1,0,1,0,0.055683364,0.085991312,0.198859858,0.743589744,1,0.5,1
LP001357,0,1,0,1,0,0.045343228,0.018095855,0.218523878,0.743589744,1,1,1
LP001367,0,1,0.333333333,1,0,0.03589363,0.024719802,0.131693198,0.743589744,1,1,1
LP001369,0,1,0.666666667,1,0,0.139356834,0.027023784,0.312590449,0.743589744,1,1,1
LP001370,0,0,0,0,0,0.088843537,0,0.160636758,0.743589744,1,0,0
LP001379,0,1,0.666666667,1,0,0.045145331,0.086399309,0.299565847,0.743589744,0,1,0
LP001384,0,1,1,0,0,0.023760049,0.018095855,0.12301013,1,1,0.5,1
LP001385,0,0,0,1,0,0.063896104,0,0.183791606,0.743589744,1,1,1
LP001387,1,1,0,1,0,0.034372294,0.055991552,0.18813314,0.743589744,1,0.5,1
LP001391,0,1,0,0,0,0.042325294,0.09873521,0.206946454,0.743589744,0,0,0
LP001392,1,0,0.333333333,1,1,0.09030303,0,0.198859858,0.743589744,1,0.5,1
LP001398,0,0,0,1,0,0.060606061,0,0.157742402,0.743589744,1,0.5,1
LP001401,0,1,0.333333333,1,0,0.17851577,0,0.254703329,0.358974359,1,0,1
LP001404,1,1,0,1,0,0.037316017,0.054791562,0.20984081,0.743589744,1,0.5,1
LP001405,0,1,0.333333333,1,0,0.025528757,0.033551732,0.109985528,0.743589744,1,1,1
LP001421,0,1,0,1,0,0.067012987,0.051407589,0.240231548,0.743589744,1,0,0
LP001422,1,0,0,1,0,0.126876933,0,0.361794501,0.743589744,1,1,1
LP001426,0,1,0,1,0,0.068237477,0.064007488,0.247467438,0.743589744,1,0,1
LP001430,1,0,0,1,0,0.049672233,0,0.05065123,0.743589744,1,0.5,1
LP001431,1,0,0,1,0,0.024576376,0.215518276,0.185238784,0.743589744,0,0.5,1
LP001432,0,1,0.666666667,1,0,0.034718615,0,0.104196816,0.743589744,1,0.5,1
LP001439,0,1,0,0,0,0.051329623,0.048335613,0.267727931,0.743589744,1,0,1
LP001443,1,0,0,1,0,0.043809524,0,0.121562952,0.743589744,1,0,1
LP001448,0,1,1,1,0,0.292554113,0,0.522431259,0.743589744,1,0,1
LP001449,0,0,0,1,0,0.045949289,0.039359685,0.198859858,0.743589744,1,0,1
LP001451,0,1,0.333333333,1,1,0.128175634,0.092399261,0.218523878,0.358974359,0,1,0
LP001465,0,1,0,1,0,0.073345702,0.061655507,0.250361795,0.743589744,1,0,0
LP001469,0,0,0,1,1,0.247569573,0,0.9276411,1,1,1,1
LP001473,0,0,0,1,0,0.02305504,0.04629563,0.09406657,0.743589744,1,1,1
LP001478,0,0,0,1,0,0.031762523,0,0.088277858,0.743589744,1,0.5,1
LP001482,0,1,0,1,1,0.040927644,0,0.023154848,0.230769231,1,0.5,1
LP001487,0,0,0,1,0,0.05868893,0,0.134587554,0.743589744,1,0.5,1
LP001488,0,1,1,1,0,0.047619048,0.185998512,0.406657019,0.743589744,1,0.5,0
LP001489,1,1,0,1,0,0.054829932,0,0.10853835,0.743589744,1,0,0
LP001491,0,1,0.666666667,1,1,0.039158936,0.083999328,0.114327062,0.743589744,1,1,1
LP001492,0,0,0,1,0,0.183661101,0,0.337192475,0.743589744,0,0.5,0
LP001493,0,1,0.666666667,0,0,0.050092764,0.034319725,0.17366136,0.743589744,1,0,0
LP001497,0,1,0.666666667,1,0,0.060507112,0.0499916,0.254703329,0.743589744,1,0,0
LP001498,0,0,0,1,0,0.065145331,0,0.230101302,0.743589744,1,1,1
LP001504,0,0,0,1,1,0.08410637,0,0.240231548,0.358974359,1,0.5,1
LP001507,0,1,0,1,0,0.031515152,0.048815609,0.163531114,0.743589744,1,0.5,1
LP001508,0,1,0.666666667,1,0,0.143562152,0,0.257597685,0.358974359,1,1,1
LP001514,1,1,0,1,0,0.026963513,0.107663139,0.131693198,0.743589744,1,0.5,1
LP001516,1,1,0.666666667,1,0,0.182016079,0,0.088277858,0.743589744,1,1,1
LP001518,0,1,0.333333333,1,0,0.017167594,0.034199726,0.030390738,0.743589744,1,1,1
LP001519,1,0,0,1,0,0.12183055,0.03998368,0.312590449,0.743589744,1,0,0
LP001520,0,1,0,1,0,0.05825603,0.019919841,0.167872648,0.743589744,1,0.5,1
LP001528,0,0,0,1,0,0.075782313,0,0.157742402,0.743589744,0,0,0
LP001529,0,1,0,1,1,0.030018553,0.08999928,0.206946454,0.743589744,1,0,1
LP001531,0,0,0,1,0,0.111515152,0,0.340086831,0.743589744,1,1,0
LP001532,0,1,0.666666667,0,0,0.026357452,0,0.150506512,0.743589744,1,0,0
LP001535,0,0,0,1,0,0.038392084,0,0.059334298,0.743589744,1,1,1
LP001536,0,1,1,1,0,0.492875696,0,0.8552822,0.358974359,0,0.5,1
LP001541,0,1,0.333333333,1,0,0.072356215,0,0.218523878,0.743589744,1,0,1
LP001543,0,1,0.333333333,1,0,0.116116265,0,0.257597685,0.743589744,1,1,1
LP001546,0,0,0,1,0,0.035003092,0.0499916,0.160636758,0.743589744,1,0,1
LP001552,0,1,0,1,0,0.054829932,0.13499892,0.356005789,0.743589744,1,0.5,1
LP001560,0,1,0,0,0,0.021187384,0.0249838,0.128798842,0.743589744,1,0.5,1
LP001562,0,1,0,1,0,0.096264688,0,0.384949349,0.743589744,1,1,0
LP001565,0,1,0.333333333,1,0,0.036351268,0.030719754,0.162083936,0.743589744,0,0.5,0
LP001570,0,1,0.666666667,1,0,0.049684601,0.034727722,0.215629522,0.743589744,1,0,1
LP001572,0,1,0,1,0,0.113457019,0,0.095513748,0.358974359,1,1,1
LP001574,0,1,0,1,0,0.043995053,0.075983392,0.250361795,0.743589744,1,0,1
LP001577,1,1,0,1,0,0.054829932,0,0.149059334,0.743589744,1,0,0
LP001578,0,1,0,1,0,0.028311688,0.07999136,0.17366136,0.743589744,1,0,1
LP001579,0,0,0,1,0,0.025813234,0,0.078147612,1,0,0.5,0
LP001580,0,1,0.666666667,1,0,0.097093383,0,0.276410999,0.743589744,1,0.5,1
LP001581,0,1,0,0,0,0.020655535,0.04245566,0.124457308,0.743589744,1,0,1
LP001585,0,1,1,1,0,0.638379716,0,1,0.615384615,1,1,1
LP001586,0,1,1,0,0,0.041706865,0,0.104196816,0.358974359,1,0,0
LP001594,0,1,0,1,0,0.068744589,0.13499892,0.257597685,0.743589744,1,0.5,1
LP001603,0,1,0,0,1,0.05187384,0.017663859,0.112879884,0.743589744,1,0.5,0
LP001606,0,1,0,1,0,0.04139765,0.047135623,0.154848046,0.743589744,1,0,1
LP001608,0,1,0.666666667,1,0,0.023438466,0.038855689,0.133140376,0.743589744,1,0,1
LP001610,0,1,1,1,0,0.066369821,0.27119783,0.703328509,0.743589744,0,0.5,0
LP001616,0,1,0.333333333,1,0,0.044526902,0,0.154848046,0.743589744,1,0.5,1
LP001630,0,0,0,0,0,0.027000618,0.034823721,0.134587554,1,0,1,0
LP001633,0,1,0.333333333,1,0,0.077303649,0.173998608,0.247467438,0.743589744,0,1,0
LP001634,0,0,0,1,0,0.021842919,0.121511028,0.083936324,0.743589744,1,0,0
LP001636,0,1,0,1,0,0.055040198,0,0.092619392,0.358974359,1,0.5,1
LP001637,0,1,0.333333333,1,0,0.4167718,0,0.363241679,0.743589744,1,0.5,0
LP001639,1,1,0,1,0,0.042980829,0,0.143270622,0.743589744,1,0.5,1
LP001640,0,1,0,1,1,0.482337662,0.113999088,0.160636758,0.743589744,1,0.5,1
LP001641,0,1,0.333333333,1,1,0.025083488,0,0.082489146,0.615384615,0,0,0
LP001643,0,1,0,1,0,0.027619048,0.05131159,0.070911722,0.743589744,1,0,1
LP001644,0,1,0,1,1,0.006481138,0.127102983,0.230101302,0.743589744,1,0,1
LP001647,0,1,0,1,0,0.113518862,0,0.259044863,0.358974359,1,0,1
LP001653,0,0,0,0,0,0.058565244,0,0.056439942,0.743589744,1,0,1
LP001656,0,0,0,1,0,0.146567718,0,0.22431259,0.743589744,1,0.5,0
LP001657,0,1,0,0,0,0.072764378,0,0.218523878,0.743589744,1,1,0
LP001658,0,0,0,1,0,0.045862709,0,0.096960926,0.743589744,1,0.5,1
LP001664,0,0,0,1,0,0.049981447,0,0.160636758,0.743589744,1,0,1
LP001665,0,1,0.333333333,1,0,0.036796537,0.061991504,0.232995658,0.743589744,1,0.5,0
LP001666,0,0,0,1,0,0.101212121,0.08999928,0.257597685,0.743589744,1,0,1
LP001669,1,0,0,0,0,0.021731602,0.056759546,0.160636758,0.743589744,1,1,1
LP001671,1,1,0,1,0,0.040395795,0.067583459,0.150506512,0.743589744,1,0.5,1
LP001673,0,0,0,1,1,0.134199134,0,0.107091172,0.743589744,1,1,0
LP001674,0,1,0.333333333,0,0,0.03030303,0.05999952,0.117221418,0.743589744,1,0.5,1
LP001677,0,0,0.666666667,1,0,0.05903525,0,0.227206946,0.743589744,0,0.5,1
LP001682,0,1,1,0,0,0.047520099,0,0.198859858,0.358974359,1,1,0
LP001688,0,1,0.333333333,0,0,0.041434756,0.025991792,0.182344428,0.743589744,1,1,1
LP001691,0,1,0.666666667,0,0,0.046592455,0,0.16642547,0.743589744,1,0.5,1
LP001692,1,0,0,0,0,0.05266543,0,0.160636758,0.743589744,1,0.5,1
LP001693,1,0,0,1,0,0.038268398,0,0.102749638,0.743589744,1,1,1
LP001698,0,0,0,0,0,0.047309833,0.060743514,0.066570188,0.743589744,1,0,1
LP001699,0,0,0,1,0,0.028806432,0,0.0723589,0.743589744,1,1,1
LP001702,0,0,0,1,0,0.040420532,0,0.170767004,0.743589744,1,0.5,0
LP001708,1,0,0,1,0,0.12183055,0,0.296671491,0.743589744,1,0.5,0
LP001711,0,1,1,1,0,0.040568955,0.02999976,0.172214182,0.743589744,0,0.5,0
LP001713,0,1,0.333333333,1,1,0.094458874,0,0.334298119,0.743589744,1,1,1
LP001715,0,1,1,0,1,0.068682746,0,0.175108538,0.743589744,1,0,1
LP001716,0,1,0,1,0,0.037390229,0.07250342,0.185238784,0.743589744,1,1,1
LP001720,0,1,1,0,0,0.04576376,0.023591811,0.131693198,0.743589744,1,0.5,1
LP001722,0,1,0,1,0,0,0.043199654,0.182344428,0.743589744,1,0,0
LP001726,0,1,0,1,0,0.044242424,0.042599659,0.176555716,0.743589744,1,0.5,1
LP001732,0,1,0.666666667,1,0,0.059987631,0,0.091172214,0.743589744,0,0.5,0
LP001734,1,1,0.666666667,1,0,0.051119357,0.057191542,0.170767004,0.743589744,1,0.5,1
LP001736,0,1,0,1,0,0.025615337,0,0.073806078,0.743589744,0,1,0
LP001743,0,1,0.666666667,1,0,0.047730365,0.04120767,0.154848046,0.743589744,1,0.5,1
LP001744,0,0,0,1,0,0.034891775,0.066983464,0.19536903,0.743589744,1,0.5,1
LP001749,0,1,0,1,0,0.09187384,0.024239806,0.240231548,0.743589744,1,0.5,1
LP001750,0,1,0,1,0,0.075448361,0,0.172214182,0.743589744,1,0.5,1
LP001751,0,1,0,1,0,0.03834261,0,0.232995658,0.743589744,1,0,0
LP001754,0,1,0,0,1,0.056709957,0,0.186685962,0.743589744,1,1,0
LP001758,0,1,0.666666667,1,0,0.075448361,0.040679675,0.290882779,0.743589744,1,0.5,1
LP001760,0,1,0,1,0,0.056994434,0,0.215629522,1,1,0.5,1
LP001761,0,0,0,1,1,0.077303649,0,0.276410999,0.743589744,1,0,1
LP001765,0,1,0.333333333,1,0,0.028954855,0.049295606,0.13748191,0.743589744,1,0.5,1
LP001768,0,1,0,1,0,0.04410637,0,0.047756874,0.358974359,1,0,1
LP001770,0,0,0,0,0,0.037588126,0.062351501,0.160636758,0.743589744,1,0,1
LP001776,1,0,0,1,0,0.101212121,0,0.392185239,0.743589744,1,0.5,1
LP001778,0,1,0.333333333,1,0,0.037167594,0.042695658,0.189580318,0.743589744,1,0.5,1
LP001784,0,1,0.333333333,1,0,0.066171923,0.030239758,0.232995658,0.743589744,1,0,1
LP001786,0,1,0,1,0,0.069214595,0,0.356005789,0.743589744,1,1,0
LP001788,1,0,0,1,1,0.040977118,0,0.163531114,0.743589744,1,1,1
LP001790,1,0,0.333333333,1,0,0.045293754,0,0.149059334,0.743589744,1,0,1
LP001792,0,1,0.333333333,1,0,0.039146568,0,0.125904486,0.743589744,1,0.5,1
LP001798,0,1,0.666666667,1,0,0.070117502,0.11999904,0.160636758,0.743589744,1,0,1
LP001800,0,1,0.333333333,0,0,0.029189858,0.047591619,0.189580318,0.358974359,1,1,0
LP001806,0,0,0,1,0,0.034817563,0.136822905,0.211287988,0.102564103,1,1,1
LP001807,0,1,0.666666667,1,1,0.075448361,0.03119975,0.143270622,0.743589744,1,0,1
LP001811,0,1,0,0,0,0.040272109,0.106007152,0.164978292,0.743589744,1,0.5,1
LP001813,0,0,0,1,1,0.072974644,0.103991168,0.160636758,0.358974359,1,1,0
LP001814,0,1,0.666666667,1,0,0.118157081,0,0.149059334,0.743589744,1,1,1
LP001819,0,1,0.333333333,0,0,0.079876314,0,0.185238784,0.358974359,1,1,1
LP001824,0,1,0.333333333,1,0,0.033790971,0.044231646,0.164978292,1,1,0.5,1
LP001825,0,1,0,1,0,0.020519481,0.044831641,0.117221418,0.743589744,1,1,1
LP001835,0,1,0,0,0,0.01877551,0.093359253,0.277858177,0.743589744,0,0.5,0
LP001836,1,0,0.666666667,1,0,0.040531849,0,0.186685962,0.743589744,1,1,0
LP001841,0,0,0,0,1,0.030092764,0.052007584,0.13748191,0.743589744,1,0,1
LP001843,0,1,0.333333333,0,0,0.031057514,0.170422637,0.390738061,0.358974359,1,0.5,1
LP001844,0,0,0,1,1,0.199134199,0,0.264833575,0.743589744,0,1,0
LP001846,1,0,1,1,0,0.036277056,0,0.356005789,0.743589744,1,0,1
LP001849,0,0,0,0,0,0.072912801,0,0.153400868,0.743589744,0,0,0
LP001854,0,1,1,1,0,0.063079777,0,0.12301013,0.743589744,1,1,0
LP001859,0,1,0,1,0,0.179752628,0.050399597,0.426917511,0.743589744,1,0,0
LP001864,0,1,1,0,0,0.059134199,0,0.172214182,0.743589744,1,0.5,0
LP001865,0,1,0.333333333,1,0,0.073382808,0.101999184,0.464544139,0.743589744,1,1,1
LP001868,0,0,0,1,0,0.023623995,0.053015576,0.18089725,0.743589744,1,0.5,1
LP001870,1,0,0.333333333,1,0,0.041199753,0,0.211287988,0.051282051,1,0.5,0
LP001871,1,0,0,1,0,0.087198516,0,0.160636758,0.743589744,1,0,1
LP001872,0,0,0,1,1,0.062040816,0,0.172214182,0.743589744,1,0.5,1
LP001875,0,0,0,1,0,0.048794063,0.082727338,0.205499276,0.743589744,1,0,1
LP001877,0,1,0.666666667,1,0,0.056376005,0.033287734,0.204052098,0.743589744,1,0.5,1
LP001882,0,1,1,1,0,0.051737786,0.043463652,0.218523878,0.743589744,0,1,1
LP001883,1,0,0,1,0,0.040420532,0,0.182344428,0.743589744,1,0,0
LP001884,1,0,0.333333333,1,0,0.033716759,0.0374397,0.117221418,0.743589744,1,1,1
LP001888,1,0,0,1,0,0.038181818,0,0.030390738,0.743589744,1,1,1
LP001891,0,1,0,1,0,0.136004947,0,0.183791606,0.743589744,1,1,1
LP001892,0,0,0,1,0,0.03318491,0.044567643,0.169319826,0.743589744,1,0,1
LP001894,0,1,0,1,0,0.030550402,0.053351573,0.204052098,0.743589744,1,0.5,1
LP001896,0,1,0.666666667,1,0,0.046382189,0,0.117221418,0.743589744,1,0.5,1
LP001900,0,1,0.333333333,1,0,0.032158318,0.044207646,0.153400868,0.743589744,1,0.5,1
LP001903,0,1,0,1,0,0.047532468,0.078575371,0.286541245,0.743589744,1,0.5,1
LP001904,0,1,0,1,0,0.036524428,0.03119975,0.102749638,0.743589744,1,1,1
LP001907,0,1,0,1,0,0.17851577,0,0.617945007,0.743589744,1,0.5,1
LP001908,1,1,0,0,0,0.048855906,0,0.16642547,0.743589744,1,0,1
LP001910,0,0,0.333333333,0,1,0.048274583,0.058223534,0.215629522,0.743589744,0,1,0
LP001914,0,1,0,1,0,0.046716141,0.019199846,0.149059334,0.743589744,1,0.5,1
LP001915,0,1,0.666666667,1,0,0.026604824,0.02365901,0.099855282,0.358974359,1,1,1
LP001917,1,0,0,1,0,0.020544218,0.03998368,0.06512301,0.743589744,1,1,1
LP001922,0,1,0,1,0,0.253766234,0,0.198859858,0.743589744,1,0,0
LP001924,0,0,0,1,0,0.0372047,0.073271414,0.11577424,0.743589744,1,0,1
LP001925,1,0,0,1,1,0.03030303,0.04120767,0.13024602,0.615384615,1,0.5,0
LP001926,0,1,0,1,0,0.043957947,0.047999616,0.160636758,0.743589744,1,0,1
LP001931,1,0,0,1,0,0.049152752,0,0.153400868,0.743589744,1,0.5,1
LP001935,0,0,0,1,0,0.115745207,0,0.257597685,0.743589744,1,0,1
LP001936,0,1,0,1,0,0.036178108,0.057983536,0.18813314,0.743589744,1,0,1
LP001938,0,1,0.666666667,1,0,0.052566481,0,0.170767004,0.743589744,0,0.5,0
LP001940,0,1,0.666666667,1,0,0.037142857,0.0374397,0.18089725,0.743589744,1,1,1
LP001945,1,0,0,1,0,0.065145331,0,0.193921852,1,0,1,0
LP001947,0,1,0,1,0,0.027619048,0.08001536,0.235890014,0.743589744,1,0.5,1
LP001949,0,1,1,1,0,0.052764378,0.02999976,0.146164978,0.743589744,1,1,1
LP001953,0,1,0.333333333,1,0,0.083178726,0,0.276410999,0.743589744,1,0.5,1
LP001954,1,1,0.333333333,1,0,0.055856524,0,0.182344428,0.743589744,1,1,1
LP001955,1,0,0,1,0,0.059987631,0.060983512,0.205499276,1,1,0,0
LP001963,0,1,0.333333333,1,0,0.02305504,0.070199438,0.150506512,0.743589744,1,1,0
LP001964,0,1,0,0,0,0.020408163,0.070415437,0.121562952,0.743589744,0,1,0
LP001972,0,1,0,0,0,0.033704391,0.041999664,0.138929088,0.743589744,1,0.5,1
LP001974,1,0,0,1,0,0.059987631,0,0.178002894,0.743589744,1,0,1
LP001977,0,1,0.333333333,1,0,0.018243661,0.043271654,0.125904486,0.743589744,1,1,1
LP001978,0,0,0,1,0,0.047619048,0.05999952,0.189580318,0.743589744,1,0,1
LP001990,0,0,0,0,0,0.02288188,0,0.198859858,0.743589744,1,1,0
LP001993,1,0,0,1,0,0.044675325,0.03998368,0.182344428,0.743589744,1,0,1
LP001994,1,0,0,1,0,0.027829314,0.044711642,0.13748191,0.743589744,0,1,0
LP001996,0,0,0,1,0,0.248398268,0,0.681620839,0.743589744,1,0,0
LP001998,0,1,0.666666667,0,0,0.092974644,0,0.254703329,0.743589744,1,0,1
LP002002,1,0,0,1,0,0.034223871,0,0.10853835,0.743589744,1,0.5,1
LP002004,0,0,0,0,0,0.034347557,0.057719538,0.147612156,0.743589744,1,0.5,1
LP002006,1,0,0,1,0,0.029152752,0,0.068017366,0.743589744,1,0,1
LP002008,0,1,0.666666667,1,1,0.069214595,0,0.19536903,0.153846154,1,0,1
LP002024,0,1,0,1,0,0.02873222,0.044231646,0.2170767,0.743589744,1,0,0
LP002031,0,1,0.333333333,0,0,0.040185529,0.039359685,0.147612156,0.358974359,1,1,1
LP002035,0,1,0.666666667,1,0,0.044118738,0,0.160636758,0.743589744,1,0.5,1
LP002036,0,1,0,1,0,0.023599258,0.05121559,0.114327062,0.743589744,1,1,1
LP002043,1,0,0.333333333,1,0,0.041941868,0,0.149059334,0.743589744,1,0.5,1
LP002050,0,1,0.333333333,1,1,0.12183055,0,0.211287988,0.743589744,1,0,0
LP002051,0,1,0,1,0,0.027829314,0.052007584,0.153400868,0.743589744,1,0.5,1
LP002053,0,1,1,1,0,0.051849103,0.004535964,0.16642547,0.743589744,1,0.5,1
LP002054,0,1,0.666666667,0,0,0.042683983,0.038159695,0.198859858,0.743589744,1,0,1
LP002055,1,0,0,1,0,0.037303649,0.071639427,0.178002894,0.743589744,1,0,1
LP002065,0,1,1,1,0,0.183673469,0,0.421128799,0.743589744,1,0,1
LP002067,0,1,0.333333333,1,1,0.10533086,0.119591043,0.531114327,0.743589744,0,0,0
LP002068,0,0,0,1,0,0.058961039,0,0.175108538,0.743589744,0,0,1
LP002082,0,1,0,1,1,0.070105133,0.051839585,0.253256151,0.743589744,1,0.5,1
LP002086,1,1,0,1,0,0.051737786,0.058823529,0.146164978,0.743589744,1,1,0
LP002087,1,0,0,1,0,0.029066172,0,0.083936324,0.743589744,1,1,1
LP002097,0,0,0.333333333,1,0,0.052368584,0.043031656,0.156295224,0.743589744,1,1,1
LP002098,0,0,0,1,0,0.034446506,0,0.128798842,0.743589744,1,0.5,1
LP002100,0,0,0,1,0,0.03318491,0,0.089725036,0.743589744,1,1,1
LP002101,0,1,0,1,0,0.781533704,0,0.696092619,0.358974359,1,1,1
LP002103,0,1,0.333333333,1,1,0.119764997,0.043991648,0.250361795,0.358974359,1,1,1
LP002106,0,1,0,1,1,0.066209029,0.107759138,0.088277858,0.743589744,1,0.5,1
LP002110,0,1,0.333333333,1,0,0.063079777,0.016511868,0.218523878,0.743589744,1,0,1
LP002112,0,1,0.666666667,1,1,0.029066172,0.110399117,0.241678726,0.743589744,1,0,1
LP002113,1,0,1,0,0,0.020779221,0,0.198859858,0.743589744,0,1,0
LP002114,1,0,0,1,0,0.049598021,0,0.089725036,0.743589744,1,0.5,1
LP002115,0,1,1,0,0,0.030884354,0.038087695,0.237337192,0.743589744,1,0,0
LP002116,1,0,0,1,0,0.027557205,0,0.053545586,0.743589744,1,0,0
LP002119,0,1,0.333333333,0,0,0.054471243,0.029495764,0.215629522,0.743589744,1,1,1
LP002126,0,1,1,0,0,0.037390229,0,0.09406657,0.743589744,1,0.5,1
LP002128,0,1,0.666666667,1,0,0.030092764,0.055919553,0.167872648,0.743589744,1,0,1
LP002129,0,1,0,1,0,0.029053803,0.058991528,0.218523878,0.743589744,1,0.5,1
LP002130,0,1,0,0,0,0.041719233,0.07751938,0.206946454,0.743589744,0,0,0
LP002131,0,1,0.666666667,0,0,0.036277056,0.052031584,0.169319826,0.743589744,1,1,1
LP002137,0,1,0,1,0,0.076474954,0.10999112,0.361794501,0.743589744,1,0.5,1
LP002138,0,1,0,1,0,0.030612245,0.1499988,0.257597685,0.743589744,1,0,1
LP002139,0,1,0,1,0,0.110488559,0,0.316931983,0.743589744,1,0.5,1
LP002140,0,0,0,1,0,0.106369821,0.1000072,0.432706223,0.743589744,1,0,0
LP002141,0,1,1,1,0,0.031119357,0.0499916,0.124457308,0.743589744,1,0,1
LP002142,1,1,0,1,1,0.066171923,0,0.138929088,0.743589744,0,0,0
LP002143,1,1,0,1,0,0.028113791,0.012119903,0.175108538,0.743589744,1,0.5,1
LP002144,1,0,0,1,0,0.045306122,0,0.154848046,0.358974359,1,1,1
LP002149,0,1,0.666666667,1,0,0.101212121,0.076007392,0.225759768,0.743589744,1,0,1
LP002151,0,1,0.333333333,1,0,0.046072975,0,0.083936324,0.743589744,1,1,0
LP002158,0,1,0,0,0,0.035250464,0.03998368,0.131693198,1,0,1,0
LP002160,0,1,1,1,0,0.062053185,0.076007392,0.276410999,0.743589744,1,0.5,1
LP002161,1,0,0.333333333,1,0,0.056561534,0,0.104196816,0.743589744,1,0.5,0
LP002170,0,1,0.666666667,1,0,0.059987631,0.088007296,0.328509407,0.743589744,1,0.5,1
LP002175,0,1,0,1,0,0.056895485,0.055991552,0.175108538,0.743589744,1,1,1
LP002178,0,1,0,1,0,0.035411255,0.072791418,0.124457308,0.615384615,1,1,1
LP002180,0,0,0,1,1,0.082523191,0,0.191027496,0.743589744,1,0,1
LP002181,0,0,0,0,0,0.075027829,0,0.179450072,0.743589744,1,0,0
LP002187,0,0,0,1,0,0.029066172,0,0.125904486,1,1,0.5,0
LP002188,0,0,0,1,0,0.061521336,0,0.16642547,0.743589744,0,0,0
LP002190,0,1,0.333333333,1,0,0.076376005,0,0.240231548,0.743589744,1,0.5,1
LP002191,0,1,0,1,0,0.242176871,0.126382989,0.81186686,0.743589744,1,0,0
LP002194,1,0,0,1,1,0.193061224,0,0.066570188,0.743589744,1,0.5,1
LP002197,0,1,0.666666667,1,0,0.062275819,0,0.211287988,0.743589744,1,0.5,1
LP002201,0,1,0.666666667,1,1,0.113457019,0.188950488,0.536903039,0.615384615,1,0,1
LP002205,0,0,0.333333333,1,0,0.036017316,0.047687618,0.147612156,0.358974359,0,1,0
LP002209,1,0,0,1,0,0.032331478,0.03501572,0.146164978,0.743589744,1,1,1
LP002211,0,1,0,1,0,0.057724181,0.022151823,0.160636758,0.358974359,1,1,1
LP002219,0,1,1,1,0,0.106369821,0.119903041,0.175108538,0.743589744,1,0,1
LP002223,0,1,0,1,0,0.051453309,0,0.175108538,0.743589744,1,0.5,1
LP002224,0,0,0,1,0,0.036103896,0,0.089725036,1,1,1,0
LP002225,0,1,0.666666667,1,0,0.064823748,0,0.175108538,0.743589744,1,1,1
LP002226,0,1,0,1,0,0.039369202,0.05999952,0.172214182,0.743589744,1,0.5,1
LP002229,0,0,0,1,0,0.071626469,0.101567187,0.415340087,0.743589744,1,0.5,1
LP002231,1,0,0,1,0,0.072356215,0,0.212735166,0.743589744,1,1,1
LP002234,0,0,0,1,1,0.086790353,0,0.172214182,0.743589744,1,1,1
LP002236,0,1,0.666666667,1,0,0.054619666,0,0.131693198,0.743589744,1,1,0
LP002237,0,0,0.333333333,1,0,0.043500309,0,0.150506512,0.358974359,1,1,1
LP002239,0,0,0,0,0,0.02716141,0.038399693,0.178002894,0.743589744,1,0.5,1
LP002243,0,1,0,0,0,0.03537415,0.075263398,0.198859858,0.743589744,0,1,0
LP002244,0,1,0,1,0,0.027000618,0.058007536,0.183791606,0.743589744,1,1,1
LP002250,0,1,0,1,0,0.0660235,0,0.167872648,0.743589744,1,0,1
LP002255,0,0,1,1,0,0.11152752,0,0.254703329,0.743589744,1,0,1
LP002262,0,1,1,1,0,0.115695733,0,0.384949349,0.743589744,1,0,1
LP002263,0,1,0,1,0,0.030092764,0.050759594,0.160636758,0.743589744,1,1,1
LP002265,0,1,0.666666667,0,0,0.0227953,0.038999688,0.150506512,0.358974359,1,0.5,1
LP002266,0,1,0.666666667,1,0,0.036487322,0.033599731,0.150506512,0.743589744,1,1,1
LP002272,0,1,0.666666667,1,0,0.038664193,0.011615907,0.182344428,0.743589744,1,0.5,1
LP002277,1,0,0,1,0,0.037476809,0,0.089725036,0.743589744,0,1,0
LP002281,0,1,0,1,0,0.035658627,0.03501572,0.124457308,0.743589744,1,1,1
LP002284,0,0,0,0,0,0.046406926,0.03998368,0.1447178,0.743589744,1,0,1
LP002287,1,0,0,1,0,0.016697588,0.043199654,0.136034732,0.743589744,0,0.5,0
LP002288,0,1,0.666666667,0,0,0.033877551,0,0.052098408,0.358974359,0,1,0
LP002296,0,0,0,0,0,0.032220161,0,0.081041968,0.615384615,1,0,0
LP002297,0,0,0,1,0,0.029066172,0.47999616,0.136034732,0.743589744,1,0.5,1
LP002300,1,0,0,0,0,0.022424242,0,0.063675832,0.743589744,1,0.5,1
LP002301,1,0,0,1,1,0.090179344,0,0.267727931,0.743589744,1,0,0
LP002305,1,0,0,1,0,0.054384663,0,0.153400868,0.743589744,1,0.5,1
LP002308,0,1,0,0,0,0.024947434,0.057599539,0.153400868,0.743589744,1,1,1
LP002314,1,0,0,0,0,0.025516388,0,0.082489146,0.743589744,1,0,1
LP002315,0,1,0.333333333,1,0,0.100803958,0,0.206946454,0.615384615,0,0.5,0
LP002317,0,1,1,1,0,1,0,0.507959479,0.743589744,0,0,0
LP002318,1,0,0.333333333,0,1,0.045974026,0,0.076700434,0.743589744,1,0.5,0
LP002319,0,1,0,1,0,0.075522573,0,0.218523878,0.743589744,1,1,1
LP002328,0,1,0,0,0,0.073543599,0,0.302460203,0.743589744,0,0,0
LP002332,0,1,0,0,0,0.026011132,0.04879161,0.146164978,0.743589744,1,0,1
LP002335,1,1,0,0,0,0.024724799,0.077687379,0.244573082,0.743589744,0,0.5,0
LP002337,1,0,0,1,0,0.035188621,0,0.073806078,0.743589744,1,1,1
LP002341,1,0,0.333333333,1,0,0.03030303,0,0.218523878,0.743589744,1,1,0
LP002342,0,1,0.666666667,1,1,0.017934447,0.47999616,0.332850941,0.743589744,1,1,0
LP002345,0,1,0,1,0,0.010822511,0.066551468,0.149059334,0.743589744,1,0,1
LP002347,0,1,0,1,0,0.038293135,0.034007728,0.186685962,0.743589744,1,0.5,1
LP002348,0,1,0,1,0,0.070241187,0,0.186685962,0.743589744,1,0,1
LP002357,1,0,0,0,0,0.03178726,0,0.102749638,0.743589744,0,1,0
LP002361,0,1,0,1,0,0.020655535,0.04125567,0.131693198,0.743589744,1,1,1
LP002362,0,1,0.333333333,1,0,0.087816945,0.04000768,0.146164978,0.743589744,0,1,0
LP002364,0,1,0,1,0,0.182189239,0,0.125904486,0.743589744,1,0.5,1
LP002366,0,1,0,1,0,0.031119357,0.103199174,0.162083936,0.743589744,1,0,1
LP002367,1,0,0.333333333,0,0,0.055114409,0,0.104196816,0.743589744,1,0,0
LP002368,0,1,0.666666667,1,0,0.071552257,0,0.179450072,0.743589744,1,0.5,1
LP002369,0,1,0,1,0,0.034260977,0.000386877,0.112879884,0.743589744,1,0,1
LP002370,0,0,0,0,0,0.031750155,0,0.073806078,0.358974359,1,1,1
LP002377,1,0,0.333333333,1,1,0.104811379,0,0.204052098,0.743589744,1,0.5,1
LP002379,0,0,0,1,0,0.078540507,0,0.138929088,0.743589744,0,0,0
LP002386,0,0,0,1,0,0.157402597,0,0.573082489,0.743589744,1,0.5,1
LP002387,0,1,0,1,0,0.028138528,0.056159551,0.193921852,0.743589744,1,0.5,1
LP002390,0,0,0,1,0,0.044526902,0,0.131693198,0.743589744,1,1,1
LP002393,1,1,0,1,0,0.122411874,0,0.198859858,0.487179487,1,0.5,1
LP002398,0,0,0,1,0,0.021966605,0.044423645,0.059334298,0.743589744,1,0.5,1
LP002401,0,1,0,1,0,0.025516388,0.026999784,0.198859858,0.743589744,1,1,1
LP002403,0,0,0,1,1,0.126975881,0,0.257597685,0.743589744,0,1,0
LP002407,1,1,0,0,1,0.086481138,0,0.186685962,0.743589744,1,0,1
LP002408,0,0,0,1,0,0.043413729,0.121535028,0.257597685,0.743589744,1,0.5,1
LP002409,0,1,0,1,0,0.095868893,0.043991648,0.247467438,0.743589744,1,0,1
LP002418,0,0,1,0,0,0.056363636,0.047831617,0.201157742,0.743589744,1,0.5,1
LP002422,0,0,0.333333333,1,0,0.464675325,0,0.206946454,0.743589744,1,0.5,1
LP002424,0,1,0,1,0,0.088843537,0.1999904,0.240231548,0.615384615,1,0,1
LP002429,0,1,0.333333333,1,1,0.041014224,0.029039768,0.175108538,0.743589744,1,0,1
LP002434,0,1,0.666666667,0,0,0.055683364,0,0.146164978,0.743589744,1,0,1
LP002435,0,1,0,1,0,0.04191713,0.033023736,0.066570188,0.743589744,1,0,0
LP002443,0,1,0.666666667,1,0,0.039455782,0.041039672,0.204052098,0.743589744,0,0,0
LP002444,0,0,0.333333333,0,1,0.032393321,0.037007704,0.261939219,0.743589744,1,0.5,0
LP002446,0,1,0.666666667,0,0,0.026703772,0.030119759,0.167872648,0.743589744,0,0,0
LP002447,0,1,0.666666667,0,0,0.0223624,0.03494372,0.073806078,0.615384615,1,1,1
LP002448,0,1,0,1,0,0.046975881,0.041591667,0.20260492,0.743589744,0,0,0
LP002449,0,1,0,1,0,0.028855906,0.059183527,0.117221418,0.358974359,0,0,1
LP002453,0,0,0,1,1,0.085776129,0,0.10853835,0.743589744,1,0.5,1
LP002455,0,1,0.666666667,1,0,0.045875077,0,0.125904486,0.743589744,1,0.5,1
LP002459,0,1,0,1,0,0.051341991,0,0.157742402,0.743589744,1,1,1
LP002467,0,1,0,1,0,0.044007421,0.061655507,0.237337192,0.743589744,1,1,0
LP002472,0,0,0.666666667,1,0,0.051997526,0,0.183791606,0.743589744,1,0,1
LP002473,0,1,0,1,0,0.10122449,0,0.218523878,0.743589744,1,0.5,0
LP002478,0,1,0,1,1,0.023908472,0.097991216,0.218523878,0.743589744,1,0.5,1
LP002484,0,1,1,1,0,0.093877551,0,0.172214182,0.358974359,1,1,1
LP002487,0,1,0,1,0,0.035435993,0.05251158,0.208393632,0.743589744,1,0,1
LP002489,1,0,0.333333333,0,0,0.062350031,0,0.178002894,0.743589744,1,0.5,1
LP002493,0,0,0,1,0,0.049672233,0,0.128798842,0.743589744,0,0.5,0
LP002494,0,0,0,1,0,0.072356215,0,0.189580318,0.743589744,1,0,1
LP002500,0,1,1,0,0,0.034594929,0.039935681,0.088277858,0.358974359,0,1,0
LP002501,0,1,0,1,0,0.204601113,0,0.146164978,0.743589744,1,0.5,1
LP002502,1,1,0.666666667,0,0,0.000742115,0.07000744,0.128798842,0.743589744,1,0.5,1
LP002505,0,1,0,1,0,0.051737786,0.058823529,0.146164978,0.743589744,1,1,0
LP002515,0,1,0.333333333,1,1,0.040816327,0.049895601,0.221418234,0.743589744,1,0.5,1
LP002517,0,1,0.333333333,0,0,0.030958565,0.035999712,0.150506512,0.358974359,0,0,0
LP002519,0,1,1,1,0,0.056165739,0,0.131693198,0.743589744,1,0.5,1
LP002522,1,0,0,1,1,0.029066172,0,0.121562952,0.743589744,1,1,1
LP002524,0,0,0.666666667,1,0,0.066567718,0.111551108,0.221418234,0.743589744,1,0,1
LP002527,0,1,0.666666667,1,1,0.20253556,0.024335805,0.204052098,0.743589744,1,0,1
LP002529,0,1,0.666666667,1,0,0.081014224,0.041999664,0.319826339,0.615384615,1,0.5,1
LP002530,0,1,0.666666667,1,0,0.033679654,0.044927641,0.178002894,0.743589744,0,0.5,0
LP002531,0,1,0.333333333,1,1,0.204291899,0.053999568,0.111432706,0.743589744,1,0.5,1
LP002533,0,1,0.666666667,1,0,0.034594929,0.038471692,0.198859858,0.743589744,1,1,0
LP002534,1,0,0,0,0,0.051948052,0,0.20984081,0.743589744,1,0,1
LP002536,0,1,1,0,0,0.036425479,0,0.150506512,0.743589744,1,0,1
LP002537,0,1,0,1,0,0.023908472,0.075599395,0.172214182,0.743589744,1,0.5,1
LP002541,0,1,0,1,0,0.132133581,0,0.325615051,0.743589744,1,0.5,1
LP002543,0,1,0.666666667,1,0,0.101212121,0,0.342981187,0.743589744,1,0.5,1
LP002544,0,1,0.333333333,0,0,0.0223624,0.058463532,0.176555716,0.743589744,1,0,1
LP002545,0,0,0.666666667,1,0,0.042016079,0,0.102749638,0.743589744,0,0,0
LP002547,0,1,0.333333333,1,0,0.224897959,0,0.710564399,0.743589744,1,1,0
LP002555,0,1,0.666666667,1,1,0.054829932,0.0499916,0.218523878,0.743589744,1,0.5,1
LP002556,0,0,0,1,0,0.028262214,0,0.095513748,0.743589744,1,1,0
LP002560,0,0,0,0,0,0.03152752,0.066839465,0.125904486,0.743589744,1,0.5,1
LP002562,0,1,0.333333333,0,0,0.06410637,0.027143783,0.256150507,0.743589744,1,1,1
LP002571,0,0,0,0,0,0.043797155,0,0.146164978,0.743589744,1,0,1
LP002582,1,0,0,0,1,0.211663575,0,0.312590449,0.743589744,1,0.5,1
LP002585,0,1,0,1,0,0.042634508,0.051767586,0.15918958,0.743589744,0,0,0
LP002586,1,1,0.333333333,1,0,0.039282622,0.021911825,0.138929088,0.153846154,1,0.5,1
LP002587,0,1,0,0,0,0.03030303,0.040799674,0.141823444,0.743589744,1,0,1
LP002588,0,1,0,1,0,0.055349412,0.068567451,0.147612156,0,1,1,1
LP002600,0,1,0.333333333,1,1,0.033951763,0,0.124457308,0.743589744,1,0.5,1
LP002602,0,0,0,1,0,0.075856524,0.105983152,0.289435601,0.743589744,0,0,0
LP002603,1,0,0,1,0,0.006122449,0.088391293,0.150506512,1,1,0,1
LP002606,1,0,0,1,0,0.037217069,0,0.131693198,0.743589744,1,0.5,1
LP002615,0,1,0.666666667,1,0,0.058317873,0.13497492,0.287988423,0.743589744,1,0.5,1
LP002618,0,1,0.333333333,0,0,0.048237477,0.127246982,0.186685962,0.743589744,1,0,0
LP002619,0,1,0,0,0,0.045318491,0.035591715,0.16642547,0.615384615,1,0.5,1
LP002622,0,1,0.666666667,1,0,0.041558442,0.105983152,0.338639653,0.743589744,1,0,1
LP002624,0,1,0,1,0,0.255819419,0.16000672,0.681620839,0.743589744,1,1,1
LP002625,0,0,0,1,0,0.042461348,0,0.125904486,0.743589744,1,1,0
LP002626,0,1,0,1,1,0.028806432,0.072311422,0.259044863,0.743589744,1,1,1
LP002634,1,0,0.333333333,1,0,0.162176871,0,0.044862518,0.743589744,1,1,1
LP002637,0,0,0,0,0,0.042646877,0.030887753,0.131693198,0.743589744,1,0,0
LP002640,0,1,0.333333333,1,0,0.073160173,0.048095615,0.348769899,0.743589744,1,0.5,1
LP002643,0,1,0.666666667,1,0,0.038750773,0.048839609,0.201157742,0.743589744,1,1,1
LP002648,0,1,0,1,0,0.024489796,0.15998272,0.088277858,0.358974359,1,0.5,0
LP002652,0,0,0,1,0,0.070068027,0.087983296,0.437047757,0.743589744,1,0,0
LP002659,0,1,1,1,0,0.041014224,0.082271342,0.204052098,0.743589744,1,0,1
LP002670,1,1,0.666666667,1,0,0.023265306,0.039167687,0.150506512,1,1,0.5,1
LP002682,0,1,0,0,0,0.036165739,0.043199654,0.164978292,0.743589744,0,0.5,0
LP002683,0,0,0,1,0,0.05606679,0.045959632,0.254703329,0.743589744,1,0.5,0
LP002684,1,0,0,0,0,0.040197897,0,0.124457308,0.743589744,1,0,0
LP002689,0,1,0.666666667,0,0,0.025256648,0.041807666,0.052098408,0.743589744,1,0.5,1
LP002690,0,0,0,1,0,0.029066172,0,0.066570188,0.743589744,1,0.5,1
LP002692,0,1,1,1,1,0.068361163,0.034175727,0.131693198,0.743589744,1,0,1
LP002693,0,1,0.666666667,1,1,0.096450216,0.171982624,0.681620839,0.743589744,1,0,1
LP002697,0,0,0,1,0,0.056029685,0.050087599,0.198859858,0.743589744,1,0.5,0
LP002699,0,1,0.666666667,1,1,0.214594929,0,0.565846599,0.743589744,1,0,1
LP002705,0,1,0,1,0,0.044836116,0,0.146164978,0.743589744,1,0.5,1
LP002706,0,1,0.333333333,0,0,0.063512678,0.034319725,0.219971056,0.743589744,0,0.5,1
LP002714,0,0,0.333333333,0,0,0.031280148,0.03124775,0.12301013,0.743589744,1,0.5,1
LP002716,0,0,0,0,0,0.082040816,0,0.175108538,0.743589744,1,0.5,1
LP002717,0,1,0,1,0,0.010822511,0.131998944,0.299565847,0.743589744,1,0,1
LP002720,0,1,1,1,0,0.05109462,0,0.131693198,0.743589744,1,1,1
LP002723,0,0,0.666666667,1,0,0.042523191,0,0.146164978,0.743589744,0,0,0
LP002729,0,0,0.333333333,1,0,0.13729128,0,0.270622287,0.743589744,1,0.5,0
LP002731,1,0,0,0,1,0.222820037,0,0.167872648,0.743589744,1,1,1
LP002732,0,0,0,0,0,0.029684601,0.049007608,0.169319826,0.743589744,1,0,1
LP002734,0,1,0,1,0,0.074001237,0.09374325,0.455861071,0.743589744,1,1,1
LP002738,0,0,0.666666667,1,0,0.04288188,0,0.141823444,0.743589744,1,0.5,1
LP002739,0,1,0,0,0,0.034223871,0.012863897,0.082489146,0.743589744,1,0,0
LP002740,0,1,1,1,0,0.077513915,0,0.214182344,0.358974359,1,0,1
LP002741,1,1,0.333333333,1,0,0.055139147,0.068279454,0.189580318,0.358974359,1,0.5,1
LP002743,1,0,0,1,0,0.024588745,0,0.13024602,0.743589744,0,0.5,0
LP002753,1,0,0.333333333,1,0,0.04331478,0,0.124457308,0.743589744,1,0.5,1
LP002755,0,1,0.333333333,0,0,0.025837972,0.060575515,0.172214182,0.743589744,1,1,1
LP002757,1,1,0,0,0,0.03546073,0.015911873,0.134587554,0.743589744,1,0.5,1
LP002767,0,1,0,1,0,0.032380952,0.046799626,0.211287988,0.743589744,1,0,1
LP002768,0,0,0,0,0,0.039678417,0,0.102749638,0.051282051,1,0.5,0
LP002772,0,0,0,1,0,0.029387755,0.042791658,0.196816208,0.743589744,1,0,1
LP002776,1,0,0,1,0,0.059987631,0,0.136034732,0.743589744,0,0.5,0
LP002777,0,1,0,1,0,0.032591218,0.048383613,0.146164978,0.743589744,1,0,1
LP002778,0,1,0.666666667,1,1,0.080185529,0,0.198859858,0.743589744,0,0,0
LP002784,0,1,0.333333333,0,0,0.028967223,0.056999544,0.198859858,0.743589744,1,0,1
LP002785,0,1,0.333333333,1,0,0.039369202,0.077999376,0.215629522,0.743589744,1,1,1
LP002788,0,1,0,0,0,0.028497217,0.055991552,0.248914616,0.743589744,0,1,0
LP002789,0,1,0,1,0,0.042585034,0.102383181,0.178002894,0.358974359,0,0,0
LP002792,0,1,0.333333333,1,0,0.065776129,0.024767802,0.024602026,0.743589744,1,0.5,1
LP002794,1,0,0,1,0,0.031131725,0.038999688,0.10853835,0.743589744,1,1,1
LP002795,0,1,1,1,1,0.123549784,0,0.363241679,0.743589744,1,0.5,1
LP002798,0,1,0,1,0,0.046221398,0.064055488,0.221418234,0.743589744,1,0.5,1
LP002804,1,1,0,1,0,0.049845393,0.055343557,0.250361795,0.743589744,1,0.5,1
LP002807,0,1,0.666666667,0,0,0.043599258,0.005807954,0.143270622,0.743589744,1,0.5,1
LP002813,1,1,0.333333333,1,1,0.239134199,0,0.8552822,0.743589744,1,0.5,1
LP002820,0,1,0,1,0,0.071403834,0.049295606,0.292329957,0.743589744,1,0,1
LP002821,0,0,0,0,1,0.069882498,0,0.178002894,0.743589744,1,0.5,1
LP002832,0,1,0.666666667,1,0,0.106975881,0,0.360347323,0.743589744,0,1,0
LP002833,0,1,0,0,0,0.053395176,0,0.160636758,0.743589744,1,0,1
LP002836,0,0,0,1,0,0.039369202,0,0.088277858,0.743589744,1,1,1
LP002837,0,1,1,1,0,0.040197897,0.05999952,0.164978292,0.743589744,0,0,0
LP002840,1,0,0,1,0,0.027557205,0,0,0.743589744,1,1,0
LP002841,0,1,0,1,0,0.037303649,0.049535604,0.13748191,0.743589744,0,1,0
LP002842,0,1,0.333333333,1,0,0.040408163,0.041999664,0.256150507,0.743589744,1,1,1
LP002847,0,1,0,1,0,0.061422387,0.034823721,0.225759768,0.743589744,0,1,0
LP002855,0,1,0.666666667,1,0,0.20427953,0,0.384949349,0.743589744,1,1,1
LP002862,0,1,0.666666667,0,0,0.073902288,0.038999688,0.257597685,1,1,0.5,0
LP002863,0,1,1,1,0,0.07737786,0,0.204052098,0.743589744,1,0.5,0
LP002868,0,1,0.666666667,1,0,0.037217069,0.011063911,0.143270622,0.153846154,1,1,1
LP002872,0,1,0,1,0,0.036326531,0.053039576,0.183791606,0.743589744,0,0.5,0
LP002874,0,0,0,1,0,0.03808287,0.065735474,0.146164978,0.743589744,1,1,1
LP002877,0,1,0.333333333,1,0,0.020185529,0.053567571,0.141823444,0.743589744,1,0,1
LP002888,0,0,0,1,0,0.037501546,0.07000744,0.219971056,0.743589744,1,1,1
LP002892,0,1,0.666666667,1,0,0.07903525,0,0.283646889,0.743589744,1,0.5,1
LP002893,0,0,0,1,0,0.020853432,0.812081503,0.117221418,0.743589744,1,1,0
LP002894,1,1,0,1,0,0.037303649,0,0.039073806,0.743589744,1,0.5,1
LP002898,0,1,0.333333333,1,0,0.02139765,0,0.075253256,0.743589744,1,0,0
LP002911,0,1,0.333333333,1,0,0.032615955,0.046007632,0.198263386,0.743589744,0,0,0
LP002912,0,1,0.333333333,1,0,0.051119357,0.071999424,0.235890014,0.153846154,1,0,0
LP002916,0,1,0,1,0,0.026555349,0.036527708,0.13748191,0.743589744,1,1,1
LP002917,1,0,0,0,0,0.024922696,0,0.088277858,0.743589744,1,0.5,1
LP002925,0,0,0,1,0,0.056895485,0,0.12301013,0.743589744,1,0.5,1
LP002926,0,1,0.666666667,1,1,0.031861472,0,0.140376266,0.743589744,0,0.5,0
LP002928,0,1,0,1,0,0.035250464,0.081983344,0.068017366,0.358974359,1,0.5,1
LP002931,0,1,0.666666667,1,1,0.072356215,0,0.283646889,0.487179487,1,0.5,0
LP002933,0,0,1,1,1,0.113877551,0,0.409551375,0.743589744,1,0.5,1
LP002936,0,1,0,1,0,0.045875077,0.079199366,0.192474674,0.358974359,1,0,1
LP002938,0,1,0,1,1,0.197526283,0,0.363241679,0.743589744,1,1,1
LP002940,0,0,0,0,0,0.045553494,0,0.146164978,0.743589744,1,0,1
LP002941,0,1,0.666666667,0,1,0.077093383,0.023999808,0.257597685,0.743589744,1,0,0
LP002943,0,0,0,1,0,0.035089672,0,0.114327062,0.743589744,0,0.5,0
LP002945,0,1,0,1,1,0.121372913,0,0.247467438,0.743589744,1,0,1
LP002948,0,1,0.666666667,1,0,0.069635127,0,0.264833575,0.743589744,1,1,1
LP002949,1,0,1,1,0,0.003290043,1,0.493487699,0.358974359,1,1,0
LP002950,0,1,0,0,0,0.033939394,0.067007464,0.211287988,0.743589744,1,0,1
LP002953,0,1,1,1,0,0.068682746,0,0.172214182,0.743589744,1,1,1
LP002958,0,0,0,1,0,0.043611626,0.103223174,0.235890014,0.743589744,1,0,1
LP002959,1,1,0.333333333,1,0,0.146567718,0,0.704775687,0.743589744,1,0.5,1
LP002960,0,1,0,0,0,0.027829314,0.09119927,0.198859858,0.358974359,1,1,0
LP002961,0,1,0.333333333,1,0,0.040197897,0.05999952,0.237337192,0.743589744,1,0.5,1
LP002964,0,1,0.666666667,0,0,0.047458256,0.033863729,0.214182344,0.743589744,1,0,1
LP002974,0,1,0,1,0,0.038119975,0.046799626,0.143270622,0.743589744,1,0,1
LP002978,1,0,0,1,0,0.034013605,0,0.089725036,0.743589744,1,0,1
LP002979,0,1,1,1,0,0.048930118,0,0.044862518,0.358974359,1,0,1
LP002983,0,1,0.333333333,1,0,0.097983921,0.005759954,0.353111433,0.743589744,1,1,1
LP002984,0,1,0.666666667,1,0,0.091935683,0,0.257597685,0.743589744,1,1,1
LP002990,1,0,0,1,1,0.054829932,0,0.179450072,0.743589744,0,0.5,0
